{"presets": {"params": ["waveSel1", "waveSel2", "waveSel3", "wavePos1", "wavePos2", "wavePos3", "levelOsc1", "levelOsc2", "levelOsc3", "levelPinkNoise", "detuneOsc2", "detuneOsc3", "transOsc2", "transOsc3", "loPassCutoff", "loPassQ", "hiPassCutoff", "filterEnvAmm", "ampAttack", "ampDecay", "ampSustain", "ampRelease", "filterAttack", "filterDecay", "filterSustain", "filterRelease", "freqLFO1", "waveLFO1", "waveLFO2", "freqLFO2", "filterAmmLFO1", "wave1ModAmm", "wave2ModAmm", "wave3ModAmm", "pitchModOsc", "driftOsc", "clipDist", "pitchTrack", "ampMod", "masterVol"], "ambientBass2": {"params": [16.0, 2.0, 4.0, 0.0864824, 0.807039, 0.0, 0.00876506, 0.683701, 0.68323, 0.0935947, -1.10336, 1.23692, 0.0, -12.0, 125.837, 1.69644, 11.0, 482.0, 793.767, 945.892, 0.59596, 1169.7, 2081.68, 881.518, 0.0, 503.03, 0.5, 1.0, 0.0, 0.25, 330.709, 0.160556, 0.593867, 0.146671, 0.0, 1.0, 0.116595, 0.13, 0.559255, 0.700787], "tags": {"style": ["ambient"], "type": ["bass"]}, "mappings": {"loPassCutoff": {"feature": "timbre", "min": 34.0, "max": 532.84}, "loPassQ": {"feature": "harmony", "min": 1.70465, "max": 1.62617}, "wavePos1": {"feature": "harmony", "min": 0.0, "max": 0.826772}, "wavePos2": {"feature": "harmony", "min": 0.87458, "max": 0.228889}, "filterDecay": {"feature": "attack", "min": 649.563, "max": 1909.5}, "ampAttack": {"feature": "attack", "min": 843.57, "max": 573.048}, "ampDecay": {"feature": "attack", "min": 774.001, "max": 1707.68}, "wave1ModAmm": {"feature": "timbre", "min": 0.0718291, "max": 0.553779}, "wave2ModAmm": {"feature": "timbre", "min": 0.626596, "max": 0.448819}, "levelOsc1": {"feature": "harmony", "min": 0.0, "max": 0.083794}, "levelOsc2": {"feature": "harmony", "min": 0.683701, "max": 0.0228351}, "levelOsc3": {"feature": "timbre", "min": 0.753701, "max": 0.08}, "detuneOsc2": {"feature": "harmony", "min": -1.24, "max": 0.0662993}, "detuneOsc3": {"feature": "harmony", "min": 1.38142, "max": 0.0}, "levelPinkNoise": {"feature": "harmony", "min": 0.101024, "max": 0.03}, "clipDist": {"feature": "harmony", "min": 0.0309226, "max": 0.849954}, "ampMod": {"feature": "timbre", "min": 0.52, "max": 0.733228}}}, "ambientLead2": {"params": [5.0, 3.0, 12.0, 0.801383, 0.103625, 0.585789, 0.5949, 0.127321, 0.0108255, 0.0136741, 3.65362, 0.251043, 12.0, -12.0, 1183.26, 1.28789, 103.0, 438.33, 2.08839, 1728.31, 0.0, 1694.95, 4.6856, 360.861, 1.0, 200.0, 0.25, 0.0, 0.0, 0.5, 614.173, 0.473768, 0.235305, 0.358601, 0.0, 1.0, 50.406, 1.0, 0.221929, 0.685039], "tags": {"style": ["ambient"], "type": ["lead", "arpeggio"]}, "mappings": {"loPassCutoff": {"feature": "timbre", "min": 10.15, "max": 1364.61}, "loPassQ": {"feature": "harmony", "min": 1.44504, "max": 1.23638}, "wavePos1": {"feature": "harmony", "min": 0.525578, "max": 0.891786}, "wavePos2": {"feature": "harmony", "min": 0.261784, "max": 0.0517837}, "wavePos3": {"feature": "harmony", "min": 0.056963, "max": 0.759127}, "filterAttack": {"feature": "attack", "min": 34.9956, "max": 0.0}, "filterDecay": {"feature": "attack", "min": 220.002, "max": 382.636}, "ampAttack": {"feature": "attack", "min": 2.31499, "max": 2.05336}, "ampDecay": {"feature": "attack", "min": 1827.25, "max": 1899.66}, "wave1ModAmm": {"feature": "timbre", "min": 0.010259, "max": 0.545421}, "wave2ModAmm": {"feature": "timbre", "min": 0.24, "max": 0.213998}, "wave3ModAmm": {"feature": "timbre", "min": 0.0, "max": 0.414037}, "levelOsc1": {"feature": "harmony", "min": 0.121224, "max": 0.750161}, "levelOsc2": {"feature": "harmony", "min": 0.475732, "max": 0.0131189}, "levelOsc3": {"feature": "timbre", "min": 0.0416681, "max": 0.00071594}, "detuneOsc2": {"feature": "harmony", "min": -0.928504, "max": 0.19772}, "detuneOsc3": {"feature": "harmony", "min": 1.13055, "max": -0.0372398}, "levelPinkNoise": {"feature": "harmony", "min": 0.0553915, "max": 0.0}, "ampMod": {"feature": "timbre", "min": 0.08, "max": 0.24387}}}, "houseBass1": {"params": [1.0, 7.0, 1.0, 0.600001, 0.0299981, 0.662425, 0.865963, 0.7, 0.0664748, 0.0, 0.123166, -0.04, 12.0, 0.0, 236.709, 0.92047, 11.0, 600.0, 2.32768, 642.106, 0.0, 179.798, 1.8, 320.506, 0.0, 60.6061, 4.0, 1.0, 0.0, 0.0, 188.976, 0.0, 0.0, 0.0, 0.0, 0.0, 71.73, 1.0, 0.0, 0.565512], "tags": {"style": ["house"], "type": ["bass"]}, "mappings": {"loPassCutoff": {"feature": "timbre", "min": 79.0, "max": 533.532}, "loPassQ": {"feature": "harmony", "min": 2.0, "max": 0.52047}, "wavePos1": {"feature": "harmony", "min": 0.321471, "max": 0.600001}, "wavePos2": {"feature": "harmony", "min": 0.15874, "max": 0.0299981}, "wavePos3": {"feature": "harmony", "min": 0.0, "max": 0.662425}, "filterDecay": {"feature": "attack", "min": 211.766, "max": 339.636}, "ampAttack": {"feature": "attack", "min": 2.6382, "max": 2.09712}, "ampDecay": {"feature": "attack", "min": 258.25, "max": 642.106}, "levelOsc1": {"feature": "harmony", "min": 0.5, "max": 0.865963}, "levelOsc2": {"feature": "harmony", "min": 0.7, "max": 0.5}, "levelOsc3": {"feature": "timbre", "min": 0.828792, "max": 0.0664748}, "detuneOsc2": {"feature": "harmony", "min": -1.72687, "max": 0.123166}, "detuneOsc3": {"feature": "harmony", "min": 0.903788, "max": -0.04}, "levelPinkNoise": {"feature": "harmony", "min": 0.00385916, "max": 0.0}}}, "houseLead2": {"params": [9.0, 20.0, 13.0, 0.96001, 0.00673503, 0.664047, 0.844301, 0.0, 0.0, 0.0, 5.57687, -0.0386317, 0.0, 0.0, 800.06, 1.33327, 11.0, 1100.38, 2.01, 500.64, 0.0, 40.0, 9.91531, 438.566, 0.0, 1.0, 3.0, 0.0, 2.0, 2.0, 0.0, 0.0218679, 0.0, 0.0, 0.0, 7.0, 71.73, 1.0, 0.29, 0.692913], "tags": {"style": ["house"], "type": ["lead"]}, "mappings": {"loPassCutoff": {"feature": "timbre", "min": 100.313, "max": 800.06}, "loPassQ": {"feature": "harmony", "min": 4.34757, "max": 1.33327}, "wavePos1": {"feature": "harmony", "min": 0.716535, "max": 0.96001}, "wavePos3": {"feature": "harmony", "min": 0.0, "max": 0.660966}, "filterAttack": {"feature": "attack", "min": 60.2443, "max": 9.91531}, "filterDecay": {"feature": "attack", "min": 63.5336, "max": 438.566}, "ampAttack": {"feature": "attack", "min": 19.4486, "max": 2.01}, "ampDecay": {"feature": "attack", "min": 400.636, "max": 500.64}, "wave1ModAmm": {"feature": "timbre", "min": 0.0169797, "max": 0.0218679}, "wave2ModAmm": {"feature": "timbre", "min": 0.471848, "max": 0.0}, "levelOsc1": {"feature": "harmony", "min": 0.745591, "max": 0.828023}, "levelOsc2": {"feature": "harmony", "min": 0.687165, "max": 0.0661991}, "levelOsc3": {"feature": "timbre", "min": 0.148819, "max": 0.0}, "detuneOsc2": {"feature": "harmony", "min": -0.65, "max": 0.212713}, "detuneOsc3": {"feature": "harmony", "min": 1.06, "max": -0.0386317}, "levelPinkNoise": {"feature": "harmony", "min": 0.0233703, "max": 0.00818898}, "clipDist": {"feature": "harmony", "min": 49.0, "max": 52.0}, "ampMod": {"feature": "timbre", "min": 0.0387029, "max": 0.29}}}}, "type": "heavy", "name": "WavetableSynth_Mono"}