{"presets": {"params": ["waveSel1", "waveSel2", "waveSel3", "wavePos1", "wavePos2", "wavePos3", "levelOsc1", "levelOsc2", "levelOsc3", "levelPinkNoise", "detuneOsc2", "detuneOsc3", "transOsc2", "transOsc3", "loPassCutoff", "loPassQ", "hiPassCutoff", "filterEnvAmm", "ampAttack", "ampDecay", "ampSustain", "ampRelease", "filterAttack", "filterDecay", "filterSustain", "filterRelease", "freqLFO1", "waveLFO1", "waveLFO2", "freqLFO2", "filterAmmLFO1", "wave1ModAmm", "wave2ModAmm", "wave3ModAmm", "pitchModOsc", "driftOsc", "clipDist", "pitchTrack", "ampMod", "masterVol"], "ambientPad1-2": {"params": [11.0, 3.0, 21.0, 0.102823, 0.0505953, 0.0936109, 0.245197, 0.714575, 0.531417, 0.159828, -1.37732, 1.43156, 0.0, -12.0, 156.936, 0.7, 96.0, 462.0, 965.672, 1200.647, 0.387879, 1191.92, 1809.82, 1874.44, 0.0, 1353.54, 0.5, 3.0, 1.0, 0.14, 566.929, 0.152498, 0.163509, 0.0630168, 1.24, 9.26, 0.0, 0.45, 0.07, 0.697638], "tags": {"style": ["ambient"], "type": ["pad"]}, "mappings": {"loPassCutoff": {"feature": "timbre", "min": 156.936, "max": 1500.84}, "wavePos1": {"feature": "harmony", "min": 0.00141271, "max": 0.645369}, "wavePos2": {"feature": "harmony", "min": 0.0505953, "max": 0.32128}, "wavePos3": {"feature": "harmony", "min": 0.0936109, "max": 0.59443}, "filterAttack": {"feature": "attack", "min": 1809.82, "max": 1083.25}, "filterDecay": {"feature": "attack", "min": 1860.9, "max": 1874.44}, "ampAttack": {"feature": "attack", "min": 998.847, "max": 674.754}, "ampDecay": {"feature": "attack", "min": 800.647, "max": 1300.82}, "wave1ModAmm": {"feature": "timbre", "min": 0.151032, "max": 0.165354}, "wave2ModAmm": {"feature": "timbre", "min": 0.173228, "max": 0.078285}, "wave3ModAmm": {"feature": "timbre", "min": 0.062411, "max": 0.0683293}, "levelOsc1": {"feature": "harmony", "min": 0.245197, "max": 0.893937}, "levelOsc2": {"feature": "harmony", "min": 0.714575, "max": 0.411646}, "levelOsc3": {"feature": "timbre", "min": 0.607261, "max": 0.125654}, "detuneOsc2": {"feature": "harmony", "min": -1.69645, "max": 0.33}, "detuneOsc3": {"feature": "harmony", "min": 1.43156, "max": 0.0446482}, "levelPinkNoise": {"feature": "harmony", "min": 0.186212, "max": 0.0186723}, "ampMod": {"feature": "timbre", "min": 0.07, "max": 0.28}}}, "ambientPad2-1": {"params": [14.0, 4.0, 7.0, 0.14755, 0.280804, 0.285329, 0.822533, 0.534455, 0.50588, 0.0365628, 0.0788126, 0.257598, 0.0, -12.0, 950.84, 1.05499, 224.43, 661.2, 674.754, 1800.543, 0.387879, 1191.92, 1083.25, 2218.05, 0.0, 1353.54, 0.5, 1.0, 0.0, 0.25, 330.709, 0.365354, 0.0351299, 0.208329, 1.24, 9.26, 0.0, 0.76, 0.453524, 0.787402], "tags": {"style": ["ambient"], "type": ["pad"]}, "mappings": {"loPassCutoff": {"feature": "timbre", "min": 5.0, "max": 950.84}, "loPassQ": {"feature": "harmony", "min": 3.51774, "max": 1.05499}, "wavePos1": {"feature": "harmony", "min": 0.0, "max": 0.168819}, "wavePos2": {"feature": "harmony", "min": 0.0, "max": 0.32128}, "wavePos3": {"feature": "harmony", "min": 0.0, "max": 0.326457}, "filterAttack": {"feature": "attack", "min": 2397.0, "max": 1300.48}, "filterDecay": {"feature": "attack", "min": 2210.95, "max": 2218.05}, "ampAttack": {"feature": "attack", "min": 1644.03, "max": 850.001}, "ampDecay": {"feature": "attack", "min": 1500.549, "max": 2600.449}, "wave1ModAmm": {"feature": "timbre", "min": 0.143228, "max": 0.365354}, "wave2ModAmm": {"feature": "timbre", "min": 0.370994, "max": 0.0351299}, "wave3ModAmm": {"feature": "timbre", "min": 0.179973, "max": 0.208329}, "levelOsc1": {"feature": "harmony", "min": 0.327167, "max": 0.893937}, "levelOsc2": {"feature": "harmony", "min": 0.773486, "max": 0.5}, "levelOsc3": {"feature": "timbre", "min": 0.704426, "max": 0.477261}, "detuneOsc2": {"feature": "harmony", "min": -1.6638, "max": 0.33}, "detuneOsc3": {"feature": "harmony", "min": 1.73494, "max": 0.0446482}, "levelPinkNoise": {"feature": "harmony", "min": 0.290217, "max": 0.0}}}, "housePad1-3": {"params": [17.0, 15.0, 16.0, 0.460304, 0.786929, 0.998241, 0.986299, 0.00906581, 0.589795, 0.0, 0.654097, 0.233305, -12.0, 0.0, 2240.79, 1.17367, 10.0, 800.0, 2.89076, 729.689, 0.494949, 482.828, 205.896, 863.636, 0.0, 200.0, 0.5, 1.0, 1.0, 1.0, 600.898, 0.324, 0.00136647, 0.12735, 0.63, 7.31, 0.0, 0.75, 0.66, 0.682835], "tags": {"style": ["house"], "type": ["pad"]}, "mappings": {"loPassCutoff": {"feature": "timbre", "min": 256.742, "max": 2240.79}, "loPassQ": {"feature": "harmony", "min": 2.16592, "max": 1.17367}, "wavePos1": {"feature": "harmony", "min": 0.131968, "max": 0.460304}, "wavePos2": {"feature": "harmony", "min": 0.174173, "max": 0.786929}, "wavePos3": {"feature": "harmony", "min": 0.776614, "max": 0.998241}, "filterAttack": {"feature": "attack", "min": 790.84, "max": 205.896}, "filterDecay": {"feature": "attack", "min": 190.777, "max": 623.268}, "ampAttack": {"feature": "attack", "min": 28.0779, "max": 2.89076}, "ampDecay": {"feature": "attack", "min": 314.916, "max": 729.689}, "wave1ModAmm": {"feature": "timbre", "min": 0.120113, "max": 0.324}, "wave2ModAmm": {"feature": "timbre", "min": 0.173541, "max": 0.00136647}, "wave3ModAmm": {"feature": "timbre", "min": 0.114663, "max": 0.12735}, "levelOsc1": {"feature": "harmony", "min": 0.0, "max": 0.986299}, "levelOsc2": {"feature": "harmony", "min": 0.90189, "max": 0.00906581}, "levelOsc3": {"feature": "timbre", "min": 0.958074, "max": 0.589795}, "detuneOsc2": {"feature": "harmony", "min": -1.78351, "max": 0.654097}, "detuneOsc3": {"feature": "harmony", "min": 1.99838, "max": 0.233305}, "levelPinkNoise": {"feature": "harmony", "min": 0.2, "max": 0.0}, "ampMod": {"feature": "timbre", "min": 0.2, "max": 1.0}}}, "housePad2-1": {"params": [6.0, 3.0, 4.0, 0.364335, 0.865333, 0.908722, 0.95011, 0.205598, 0.510945, 0.10748, -0.235143, 0.583564, 12.0, 0.0, 726.233, 1.72271, 78.0, 1516.0, 74.7347, 416.132, 0.808081, 606.061, 375.799, 490.613, 0.0, 2.0, 1.0, 1.0, 1.0, 1.0, 377.953, 0.130019, 0.127775, 0.0411691, 1.0, 5.43, 0.0, 1.0, 0.39, 0.598425], "tags": {"style": ["house"], "type": ["pad"]}, "mappings": {"loPassCutoff": {"feature": "timbre", "min": 90.368, "max": 2269.61}, "loPassQ": {"feature": "harmony", "min": 2.64592, "max": 1.37148}, "wavePos1": {"feature": "harmony", "min": 0.119134, "max": 0.457618}, "wavePos2": {"feature": "harmony", "min": 0.22881, "max": 0.965197}, "wavePos3": {"feature": "harmony", "min": 0.68, "max": 0.995735}, "filterAttack": {"feature": "attack", "min": 423.852, "max": 320.983}, "filterDecay": {"feature": "attack", "min": 385.111, "max": 623.268}, "ampAttack": {"feature": "attack", "min": 94.8494, "max": 3.61485}, "ampDecay": {"feature": "attack", "min": 328.373, "max": 726.423}, "wave1ModAmm": {"feature": "timbre", "min": 0.0757086, "max": 0.322045}, "wave2ModAmm": {"feature": "timbre", "min": 0.163143, "max": 0.00272217}, "wave3ModAmm": {"feature": "timbre", "min": 0.0170403, "max": 0.126481}, "levelOsc1": {"feature": "harmony", "min": 0.47, "max": 1.0}, "levelOsc2": {"feature": "harmony", "min": 0.703716, "max": 0.0160959}, "levelOsc3": {"feature": "timbre", "min": 0.809133, "max": 0.42}, "detuneOsc2": {"feature": "harmony", "min": -2.34212, "max": 0.634903}, "detuneOsc3": {"feature": "harmony", "min": 0.583564, "max": 0.00757909}, "levelPinkNoise": {"feature": "harmony", "min": 0.2, "max": 0.0}, "ampMod": {"feature": "timbre", "min": 0.39, "max": 1.0}}}, "rockPad1-1": {"params": [6.0, 2.0, 9.0, 0.01, 0.75, 0.96, 0.75, 0.09, 0.59, 0.0, 0.0, -3.0, 12.0, 0.0, 1729.62, 1.46, 79.0, 691.31, 1.62, 1100.0, 0.9, 1250.51, 1.6, 778.636, 0.0, 200.0, 3.0, 2.0, 1.0, 1.0, 0.0, 0.04, 0.0, 0.1, 2.3622, 6.38, 0.0, 0.0, 0.0, 0.87638], "tags": {"style": ["rock"], "type": ["pad"]}, "mappings": {"loPassCutoff": {"feature": "timbre", "min": 461.0, "max": 2055.65}, "wavePos1": {"feature": "harmony", "min": 0.0217323, "max": 0.0963081}, "wavePos2": {"feature": "harmony", "min": 0.602835, "max": 0.776517}, "filterDecay": {"feature": "attack", "min": 258.8, "max": 863.636}, "ampAttack": {"feature": "attack", "min": 93.3, "max": 2.69928},